{"cameraMode":{"drawMode":0,"name":"Shaded","section":"Shading Mode"},"sceneLighting":false,"audioPlay":false,"sceneViewState":{"showFog":true,"showMaterialUpdate":false,"showSkybox":false,"showFlares":true,"showImageEffects":true,"showParticleSystems":true},"in2DMode":false,"pivot":{"x":3.534219264984131,"y":2.8149020671844484,"z":-2.3075315952301027},"rotation":{"x":0.06926513463258743,"y":-0.9065997004508972,"z":0.38256633281707766,"w":0.16413497924804688},"size":0.49986469745635989,"orthographic":false}