{"cameraMode":{"drawMode":0,"name":"Shaded","section":"Shading Mode"},"sceneLighting":false,"audioPlay":false,"sceneViewState":{"showFog":true,"showMaterialUpdate":false,"showSkybox":false,"showFlares":true,"showImageEffects":true,"showParticleSystems":true},"in2DMode":false,"pivot":{"x":-0.48022663593292239,"y":3.9696803092956545,"z":-4.406048774719238},"rotation":{"x":-0.18734410405158997,"y":-0.7412939667701721,"z":0.23078252375125886,"w":-0.6017835140228272},"size":0.49986469745635989,"orthographic":false}