{"cameraMode":{"drawMode":2,"name":"Shaded Wireframe","section":"Shading Mode"},"sceneLighting":true,"audioPlay":false,"sceneViewState":{"showFog":true,"showMaterialUpdate":false,"showSkybox":true,"showFlares":true,"showImageEffects":true,"showParticleSystems":true},"in2DMode":false,"pivot":{"x":-0.9199634790420532,"y":-1.2563475370407105,"z":4.953365325927734},"rotation":{"x":0.5171953439712524,"y":-0.08184527605772019,"z":0.04992924630641937,"w":0.8506187796592712},"size":7.304715156555176,"orthographic":false}