{"cameraMode":{"drawMode":0,"name":"Shaded","section":"Shading Mode"},"sceneLighting":true,"audioPlay":false,"sceneViewState":{"showFog":true,"showMaterialUpdate":true,"showSkybox":true,"showFlares":true,"showImageEffects":true,"showParticleSystems":true},"in2DMode":false,"pivot":{"x":450.97369384765627,"y":298.8951416015625,"z":-302.6636962890625},"rotation":{"x":0.14705200493335725,"y":-0.18987299501895905,"z":0.028533313423395158,"w":0.9706507325172424},"size":22.0,"orthographic":false}