{"cameraMode":{"drawMode":0,"name":"Shaded","section":"Shading Mode"},"sceneLighting":true,"audioPlay":false,"sceneViewState":{"showFog":true,"showMaterialUpdate":true,"showSkybox":true,"showFlares":true,"showImageEffects":true,"showParticleSystems":true},"in2DMode":false,"pivot":{"x":-2.7724807262420656,"y":8.908075332641602,"z":-13.503594398498536},"rotation":{"x":0.3889099061489105,"y":-0.00250275363214314,"z":0.0008533261134289205,"w":0.921627402305603},"size":3.4733526706695558,"orthographic":false}