{"cameraMode":{"drawMode":0,"name":"Shaded","section":"Shading Mode"},"sceneLighting":false,"audioPlay":false,"sceneViewState":{"showFog":true,"showMaterialUpdate":false,"showSkybox":false,"showFlares":true,"showImageEffects":true,"showParticleSystems":true},"in2DMode":false,"pivot":{"x":2.986321210861206,"y":2.3151731491088869,"z":-2.752164602279663},"rotation":{"x":0.051436662673950198,"y":-0.917807400226593,"z":0.37278100848197939,"w":0.12662985920906068},"size":0.49986469745635989,"orthographic":false}