{"cameraMode":{"drawMode":0,"name":"Shaded","section":"Shading Mode"},"sceneLighting":true,"audioPlay":false,"sceneViewState":{"showFog":true,"showMaterialUpdate":false,"showSkybox":true,"showFlares":true,"showImageEffects":true,"showParticleSystems":true},"in2DMode":false,"pivot":{"x":-4.133145332336426,"y":0.13228869438171388,"z":2.829359531402588},"rotation":{"x":-0.053114648908376697,"y":0.9501609802246094,"z":-0.20352448523044587,"w":-0.2320098578929901},"size":4.158299922943115,"orthographic":false}