{"cameraMode":{"drawMode":2,"name":"Shaded Wireframe","section":"Shading Mode"},"sceneLighting":true,"audioPlay":false,"sceneViewState":{"showFog":true,"showMaterialUpdate":false,"showSkybox":true,"showFlares":true,"showImageEffects":true,"showParticleSystems":true},"in2DMode":false,"pivot":{"x":6.728564262390137,"y":1.9187383651733399,"z":-10.152005195617676},"rotation":{"x":-0.4634437561035156,"y":-0.011346891522407532,"z":0.005456220358610153,"w":-0.8862545490264893},"size":7.304715156555176,"orthographic":false}