{"cameraMode":{"drawMode":0,"name":"Shaded","section":"Shading Mode"},"sceneLighting":true,"audioPlay":false,"sceneViewState":{"showFog":true,"showMaterialUpdate":false,"showSkybox":true,"showFlares":true,"showImageEffects":true,"showParticleSystems":true},"in2DMode":false,"pivot":{"x":6.496073246002197,"y":10.546123504638672,"z":-12.452587127685547},"rotation":{"x":0.4258943796157837,"y":-0.003913368564099073,"z":0.0013389564119279385,"w":0.9050962924957275},"size":7.304715156555176,"orthographic":false}