{"cameraMode":{"drawMode":0,"name":"Shaded","section":"Shading Mode"},"sceneLighting":false,"audioPlay":false,"sceneViewState":{"showFog":true,"showMaterialUpdate":false,"showSkybox":false,"showFlares":true,"showImageEffects":true,"showParticleSystems":true},"in2DMode":false,"pivot":{"x":2.0689034461975099,"y":2.110555648803711,"z":-4.477547645568848},"rotation":{"x":0.19090409576892854,"y":0.7050600647926331,"z":-0.2068202644586563,"w":0.6509215831756592},"size":0.49986493587493899,"orthographic":false}