{"cameraMode":{"drawMode":0,"name":"Shaded","section":"Shading Mode"},"sceneLighting":true,"audioPlay":false,"sceneViewState":{"showFog":true,"showMaterialUpdate":true,"showSkybox":true,"showFlares":true,"showImageEffects":true,"showParticleSystems":true},"in2DMode":false,"pivot":{"x":78.92977142333985,"y":-296.4642028808594,"z":436.0899353027344},"rotation":{"x":0.32937291264533999,"y":-0.06494239717721939,"z":0.022146476432681085,"w":0.9420565962791443},"size":1932.4432373046875,"orthographic":false}