{"cameraMode":{"drawMode":0,"name":"Shaded","section":"Shading Mode"},"sceneLighting":true,"audioPlay":false,"sceneViewState":{"showFog":true,"showMaterialUpdate":false,"showSkybox":true,"showFlares":true,"showImageEffects":true,"showParticleSystems":true},"in2DMode":false,"pivot":{"x":-2.901252031326294,"y":1.2816098928451539,"z":-10.983366012573243},"rotation":{"x":0.0019243231508880854,"y":0.9843977093696594,"z":-0.17639680206775666,"w":0.010619533248245716},"size":5.275832176208496,"orthographic":false}