{"cameraMode":{"drawMode":0,"name":"Shaded","section":"Shading Mode"},"sceneLighting":true,"audioPlay":false,"sceneViewState":{"showFog":true,"showMaterialUpdate":false,"showSkybox":true,"showFlares":true,"showImageEffects":true,"showParticleSystems":true},"in2DMode":false,"pivot":{"x":11.239256858825684,"y":2.6032016277313234,"z":-10.205962181091309},"rotation":{"x":0.205681711435318,"y":-0.048183638602495196,"z":0.00936870090663433,"w":0.9777079224586487},"size":3.477705240249634,"orthographic":false}